model,split_strategy,experiment_id,train_source,query_source,target,window,MAP,MRR,P@1,R@1,P@3,R@3,P@5,R@5,P@10,R@10
bge-small,recent,title_qtitle_file_w100_recent,title,title,file,w100,0.0006634615384615384,0.0034999999999999996,0.0,0.0,0.0016666666666666666,0.00125,0.002,0.0014423076923076922,0.001,0.0014423076923076922
bge-small,recent,title_qdesc_file_w100_recent,title,desc,file,w100,0.0,0.0,0.0,0.0,0.0,0.0,0.0,0.0,0.0,0.0
bge-small,recent,title_qcomments_file_w100_recent,title,comments,file,w100,0.00020833333333333332,0.0008333333333333333,0.0,0.0,0.0,0.0,0.0,0.0,0.0005,0.00125
bge-small,recent,title_qtitle_module_w100_recent,title,title,module,w100,0.3360677933673469,0.4090436507936508,0.27,0.18196428571428572,0.195,0.36397023809523815,0.147,0.4546845238095238,0.1105,0.6389107142857142
bge-small,recent,title_qdesc_module_w100_recent,title,desc,module,w100,0.2975852182539682,0.365984126984127,0.215,0.14454761904761904,0.17833333333333332,0.33359523809523806,0.14700000000000002,0.46069047619047615,0.107,0.6374940476190476
bge-small,recent,title_qcomments_module_w100_recent,title,comments,module,w100,0.2972380952380952,0.3555952380952381,0.22,0.15654761904761905,0.16333333333333333,0.30726785714285715,0.147,0.4506071428571428,0.1075,0.6274940476190476
bge-small,recent,desc_qtitle_file_w100_recent,desc,title,file,w100,0.0022203822412155743,0.00938888888888889,0.005,0.00125,0.003333333333333333,0.0014423076923076922,0.002,0.0014423076923076922,0.0025,0.0068165360873694205
bge-small,recent,desc_qdesc_file_w100_recent,desc,desc,file,w100,0.005350724121557455,0.007583333333333333,0.005,0.005,0.0016666666666666666,0.005,0.002,0.00625,0.002,0.00650403608736942
bge-small,recent,desc_qcomments_file_w100_recent,desc,comments,file,w100,0.005321318342151675,0.006964285714285714,0.005,0.005,0.0016666666666666666,0.005,0.002,0.00625,0.0015000000000000002,0.006311728395061729
bge-small,recent,desc_qtitle_module_w100_recent,desc,title,module,w100,0.35378599773242625,0.43497817460317456,0.305,0.21104761904761904,0.19166666666666665,0.3589285714285714,0.153,0.46919047619047616,0.10949999999999999,0.6275773809523809
bge-small,recent,desc_qdesc_module_w100_recent,desc,desc,module,w100,0.3253257629440665,0.3923194444444444,0.24,0.17025595238095234,0.185,0.3562619047619047,0.14400000000000002,0.44110714285714286,0.1125,0.660077380952381
bge-small,recent,desc_qcomments_module_w100_recent,desc,comments,module,w100,0.31165453042328045,0.37796230158730154,0.235,0.16588095238095235,0.175,0.3466845238095238,0.146,0.4453988095238095,0.10949999999999999,0.6506190476190477
bge-small,recent,diff_qtitle_file_w100_recent,diff,title,file,w100,0.006753417107583774,0.018500000000000003,0.015,0.0065625,0.006666666666666666,0.006919642857142857,0.005,0.0069813712522045854,0.0025,0.0069813712522045854
bge-small,recent,diff_qdesc_file_w100_recent,diff,desc,file,w100,0.006946869488536155,0.013083333333333336,0.01,0.00625,0.003333333333333333,0.00625,0.004,0.00881172839506173,0.0025,0.009168871252204586
bge-small,recent,diff_qcomments_file_w100_recent,diff,comments,file,w100,0.005981640658723992,0.014436507936507937,0.01,0.005454545454545454,0.005,0.006704545454545454,0.004,0.007061688311688312,0.0034999999999999996,0.007407871834955168
bge-small,recent,diff_qtitle_module_w100_recent,diff,title,module,w100,0.331401242441421,0.4120535714285714,0.275,0.17304761904761903,0.18999999999999997,0.34851190476190474,0.157,0.4723154761904762,0.1155,0.6810773809523809
bge-small,recent,diff_qdesc_module_w100_recent,diff,desc,module,w100,0.33505773809523814,0.4104801587301587,0.265,0.1709642857142857,0.18833333333333335,0.36667857142857146,0.153,0.4651904761904762,0.1155,0.6731607142857143
bge-small,recent,diff_qcomments_module_w100_recent,diff,comments,module,w100,0.3399662792894936,0.4120615079365079,0.27,0.17379761904761906,0.195,0.36176785714285714,0.158,0.47419047619047616,0.1155,0.6744107142857143
bge-small,recent,title_qtitle_file_w1000_recent,title,title,file,w1000,0.01657669922669923,0.04763095238095238,0.04,0.01016292735042735,0.021666666666666664,0.018068910256410255,0.013999999999999999,0.023068910256410256,0.0105,0.031045405982905984
bge-small,recent,title_qdesc_file_w1000_recent,title,desc,file,w1000,0.00911485273985274,0.030428571428571426,0.02,0.004100378787878788,0.011666666666666665,0.004605186480186481,0.01,0.015160742035742036,0.0075,0.027660742035742033
bge-small,recent,title_qcomments_file_w1000_recent,title,comments,file,w1000,0.01293307387057387,0.0326984126984127,0.025,0.00920138888888889,0.011666666666666665,0.0103125,0.009000000000000001,0.011180555555555556,0.008,0.029086538461538462
bge-small,recent,title_qtitle_module_w1000_recent,title,title,module,w1000,0.3831952239229025,0.47233134920634917,0.325,0.23108928571428572,0.21666666666666665,0.44297023809523806,0.158,0.5184345238095238,0.1065,0.6515714285714286
bge-small,recent,title_qdesc_module_w1000_recent,title,desc,module,w1000,0.37399333900226756,0.44653174603174606,0.3,0.22608928571428571,0.19666666666666666,0.3964226190476191,0.157,0.5197261904761905,0.1115,0.6782857142857143
bge-small,recent,title_qcomments_module_w1000_recent,title,comments,module,w1000,0.3973378826530612,0.468920634920635,0.315,0.24004761904761907,0.21833333333333335,0.4491369047619048,0.16,0.5203988095238096,0.11600000000000002,0.7001190476190476
bge-small,recent,desc_qtitle_file_w1000_recent,desc,title,file,w1000,0.01616017245636811,0.047075396825396826,0.03,0.00856191724941725,0.02,0.01860465229215229,0.013999999999999999,0.020826874514374514,0.0125,0.039292129066585586
bge-small,recent,desc_qdesc_file_w1000_recent,desc,desc,file,w1000,0.011028743121813775,0.03376984126984127,0.015,0.002433712121212121,0.015,0.012476447163947161,0.013000000000000001,0.02058542152292152,0.0105,0.034918731630688156
bge-small,recent,desc_qcomments_file_w1000_recent,desc,comments,file,w1000,0.013240603378103377,0.03100595238095238,0.015,0.0069791666666666665,0.013333333333333332,0.014521901709401713,0.011000000000000001,0.016519764957264958,0.009000000000000001,0.03066559829059829
bge-small,recent,desc_qtitle_module_w1000_recent,desc,title,module,w1000,0.3573094860166289,0.4409603174603175,0.305,0.2313392857142857,0.2,0.41280357142857144,0.145,0.48480357142857144,0.099,0.6157380952380952
bge-small,recent,desc_qdesc_module_w1000_recent,desc,desc,module,w1000,0.3682847741874527,0.44227380952380957,0.315,0.24800595238095238,0.18666666666666668,0.3788035714285714,0.14699999999999996,0.4890595238095238,0.10450000000000001,0.637702380952381
bge-small,recent,desc_qcomments_module_w1000_recent,desc,comments,module,w1000,0.37898024376417233,0.4558888888888889,0.32,0.2426309523809524,0.19333333333333333,0.41413690476190473,0.153,0.5041488095238096,0.105,0.640202380952381
bge-small,recent,diff_qtitle_file_w1000_recent,diff,title,file,w1000,0.01705563048063048,0.04781150793650793,0.025,0.006551816239316239,0.02,0.020690122377622376,0.02,0.02892943861693862,0.014000000000000002,0.04517943861693862
bge-small,recent,diff_qdesc_file_w1000_recent,diff,desc,file,w1000,0.016870448995448994,0.041220238095238095,0.02,0.005895250582750583,0.018333333333333333,0.017818861693861696,0.016,0.024346639471639474,0.011500000000000002,0.04173552836052836
bge-small,recent,diff_qcomments_file_w1000_recent,diff,comments,file,w1000,0.02105771196396196,0.04339484126984127,0.01,0.0053125,0.026666666666666665,0.03233653846153846,0.02,0.035661963036963035,0.0155,0.048317945942945945
bge-small,recent,diff_qtitle_module_w1000_recent,diff,title,module,w1000,0.36029212490551776,0.43346626984126985,0.27,0.20675595238095237,0.21,0.4229702380952381,0.161,0.5211785714285715,0.10650000000000003,0.6494047619047619
bge-small,recent,diff_qdesc_module_w1000_recent,diff,desc,module,w1000,0.3924416997354497,0.4686289682539682,0.33,0.24967261904761906,0.21166666666666667,0.4183452380952381,0.171,0.5466428571428572,0.1125,0.6810297619047618
bge-small,recent,diff_qcomments_module_w1000_recent,diff,comments,module,w1000,0.40940906084656087,0.481702380952381,0.335,0.24904761904761905,0.215,0.4389285714285714,0.17200000000000004,0.5373988095238095,0.11700000000000003,0.6953333333333334
bge-small,recent,title_qtitle_file_all_recent,title,title,file,all,0.2310076480810443,0.40064880952380955,0.325,0.09378507647323436,0.26166666666666666,0.19705279181060809,0.226,0.2596723756925919,0.17700000000000002,0.35028947119720166
bge-small,recent,title_qdesc_file_all_recent,title,desc,file,all,0.19286430172245767,0.3384801587301587,0.255,0.06642400698716489,0.23499999999999996,0.1645170116185779,0.20199999999999999,0.2143354163132984,0.1575,0.32392313879317347
bge-small,recent,title_qcomments_file_all_recent,title,comments,file,all,0.25358370954987675,0.4415575396825397,0.355,0.10240396558532999,0.2783333333333333,0.21822377473489182,0.243,0.29137650496931544,0.18800000000000006,0.3930612131307828
bge-small,recent,title_qtitle_module_all_recent,title,title,module,all,0.3408022817460318,0.4419563492063492,0.285,0.1874642857142857,0.195,0.4166309523809524,0.14400000000000002,0.5019642857142856,0.1005,0.6852142857142858
bge-small,recent,title_qdesc_module_all_recent,title,desc,module,all,0.35789907407407406,0.45275396825396824,0.3,0.21438095238095237,0.19166666666666665,0.41996428571428573,0.142,0.5043392857142858,0.0995,0.6755059523809525
bge-small,recent,title_qcomments_module_all_recent,title,comments,module,all,0.41195767195767197,0.5090515873015873,0.33,0.23354761904761903,0.22666666666666666,0.5020476190476191,0.175,0.6199642857142857,0.11,0.7351369047619047
bge-small,recent,desc_qtitle_file_all_recent,desc,title,file,all,0.18962895196096952,0.32907936507936514,0.255,0.07312876056691846,0.21,0.17186332366463944,0.18,0.22305172203527468,0.14350000000000002,0.3064530414760678
bge-small,recent,desc_qdesc_file_all_recent,desc,desc,file,all,0.21197737342661457,0.34696428571428567,0.26,0.07354252297410192,0.2383333333333333,0.18312917029323658,0.21600000000000003,0.24881509844849417,0.1675,0.356088917147225
bge-small,recent,desc_qcomments_file_all_recent,desc,comments,file,all,0.2685354052063605,0.451656746031746,0.365,0.11358021536212327,0.285,0.2279648506099164,0.248,0.2966804847199584,0.1945,0.4136680007939206
bge-small,recent,desc_qtitle_module_all_recent,desc,title,module,all,0.294890376984127,0.37931547619047623,0.225,0.15296428571428572,0.16166666666666665,0.33996428571428566,0.132,0.466797619047619,0.09,0.6132142857142856
bge-small,recent,desc_qdesc_module_all_recent,desc,desc,module,all,0.36698723544973544,0.4567261904761905,0.305,0.22313095238095237,0.19333333333333333,0.4116309523809524,0.154,0.5347559523809524,0.1,0.6668392857142856
bge-small,recent,desc_qcomments_module_all_recent,desc,comments,module,all,0.41687815334467115,0.5192162698412699,0.36,0.2510476190476191,0.23166666666666663,0.48496428571428574,0.175,0.6035952380952381,0.11250000000000002,0.7299404761904762
bge-small,recent,diff_qtitle_file_all_recent,diff,title,file,all,0.2351615976922836,0.4100952380952381,0.325,0.11876846761871811,0.26666666666666666,0.23136765658764394,0.20800000000000002,0.25687328587510266,0.157,0.3363894192300518
bge-small,recent,diff_qdesc_file_all_recent,diff,desc,file,all,0.25807528643281763,0.4317321428571428,0.325,0.11561090342406131,0.27166666666666667,0.2299311942674475,0.23600000000000002,0.31193168255522125,0.17300000000000004,0.3985038168289218
bge-small,recent,diff_qcomments_file_all_recent,diff,comments,file,all,0.31731604710172845,0.5110674603174603,0.425,0.1601355523862103,0.3133333333333333,0.27789774848689325,0.271,0.3515073754575229,0.19450000000000003,0.4571244263128461
bge-small,recent,diff_qtitle_module_all_recent,diff,title,module,all,0.4206977182539683,0.5161984126984127,0.35,0.25521428571428567,0.23166666666666663,0.472297619047619,0.17600000000000002,0.5950535714285714,0.11350000000000002,0.7324285714285713
bge-small,recent,diff_qdesc_module_all_recent,diff,desc,module,all,0.4223116402116402,0.5233531746031747,0.35,0.24583928571428573,0.235,0.4865119047619048,0.18400000000000002,0.6229702380952381,0.115,0.7438869047619048
bge-small,recent,diff_qcomments_module_all_recent,diff,comments,module,all,0.4871284391534392,0.5807619047619048,0.42,0.31313095238095234,0.2683333333333333,0.5719285714285715,0.187,0.6350238095238097,0.11900000000000002,0.769529761904762
bge-small,modn,title_qtitle_file_w100_modn,title,title,file,w100,0.012662423174222413,0.028811507936507937,0.015,0.0085,0.014999999999999998,0.012101707432352593,0.012,0.017331953376884254,0.0095,0.020511843856127768
bge-small,modn,title_qdesc_file_w100_modn,title,desc,file,w100,0.017558107282696793,0.041984126984126985,0.035,0.011387341340829714,0.018333333333333333,0.016015546469034844,0.015,0.018080318614452147,0.01,0.025459277374989858
bge-small,modn,title_qcomments_file_w100_modn,title,comments,file,w100,0.017841201015313623,0.041734126984126985,0.035,0.011826617826617827,0.02,0.016571102024590396,0.014000000000000002,0.017999673453161825,0.009000000000000001,0.02412863221369953
bge-small,modn,title_qtitle_module_w100_modn,title,title,module,w100,0.3628294957357457,0.45020436507936507,0.3,0.2036030497280497,0.21333333333333335,0.4018962703962704,0.17200000000000004,0.5047589355089355,0.1225,0.6826039238539238
bge-small,modn,title_qdesc_module_w100_modn,title,desc,module,w100,0.3663011710511711,0.45813095238095236,0.295,0.20151971639471639,0.22833333333333333,0.43675738150738147,0.16899999999999998,0.5201243201243201,0.11850000000000001,0.6613635392385393
bge-small,modn,title_qcomments_module_w100_modn,title,comments,module,w100,0.36600448741073743,0.46201587301587305,0.305,0.1971030497280497,0.22666666666666666,0.4196740481740482,0.174,0.5253043900543901,0.12300000000000001,0.6766589937839937
bge-small,modn,desc_qtitle_file_w100_modn,desc,title,file,w100,0.012258645985686451,0.029986111111111113,0.02,0.00860204081632653,0.013333333333333332,0.010825543120473995,0.011000000000000001,0.016081953376884252,0.009000000000000001,0.019869588868008117
bge-small,modn,desc_qdesc_file_w100_modn,desc,desc,file,w100,0.01733697101223358,0.036375000000000005,0.03,0.011259136212624586,0.016666666666666666,0.015910651364139737,0.013000000000000001,0.022180492633981003,0.008,0.023689709223842757
bge-small,modn,desc_qcomments_file_w100_modn,desc,comments,file,w100,0.01802070463584714,0.0415952380952381,0.035,0.01181469176818014,0.019999999999999997,0.017180492633981005,0.013000000000000001,0.022180492633981003,0.008000000000000002,0.023872221957289278
bge-small,modn,desc_qtitle_module_w100_modn,desc,title,module,w100,0.35431475106683435,0.41740873015873015,0.24,0.17314850427350428,0.21333333333333335,0.3983546037296037,0.17700000000000002,0.5215644910644911,0.126,0.700103923853924
bge-small,modn,desc_qdesc_module_w100_modn,desc,desc,module,w100,0.3564369512432012,0.44746031746031745,0.295,0.1941485042735043,0.21666666666666665,0.40300738150738147,0.17,0.5046659867909868,0.12000000000000002,0.6583122571872572
bge-small,modn,desc_qcomments_module_w100_modn,desc,comments,module,w100,0.3507754726754726,0.43825,0.28,0.18043638306138304,0.21833333333333335,0.40300738150738147,0.17,0.50317939005439,0.12150000000000002,0.6692802059052059
bge-small,modn,diff_qtitle_file_w100_modn,diff,title,file,w100,0.019354206025224106,0.05296428571428571,0.045,0.015288856492344865,0.02333333333333333,0.02091706162054999,0.017,0.021863507647641178,0.009500000000000001,0.02268222109793358
bge-small,modn,diff_qdesc_file_w100_modn,diff,desc,file,w100,0.02228113450324749,0.05606746031746031,0.05,0.016802014387081704,0.02333333333333333,0.021430219515286834,0.017,0.022383739679333315,0.012000000000000002,0.026800552641077155
bge-small,modn,diff_qcomments_file_w100_modn,diff,comments,file,w100,0.02243044247528423,0.05717857142857143,0.05,0.016802014387081704,0.025,0.022144505229572547,0.019,0.023485780495659844,0.011000000000000001,0.025469907479786832
bge-small,modn,diff_qtitle_module_w100_modn,diff,title,module,w100,0.36619326368076366,0.4468313492063492,0.275,0.19547804972804975,0.21333333333333332,0.40917832167832174,0.17600000000000002,0.5225452602952604,0.127,0.7180344794094795
bge-small,modn,diff_qdesc_module_w100_modn,diff,desc,module,w100,0.42754419723794723,0.5149821428571428,0.365,0.25985304972804973,0.24,0.46359071484071485,0.187,0.5603187645687645,0.131,0.7273400349650351
bge-small,modn,diff_qcomments_module_w100_modn,diff,comments,module,w100,0.443923432007807,0.536327380952381,0.38,0.2700197163947164,0.25666666666666665,0.49217404817404814,0.192,0.5723604312354312,0.1305,0.728802156177156
bge-small,modn,title_qtitle_file_w1000_modn,title,title,file,w1000,0.029049365515436944,0.050547619047619056,0.045,0.01595915750915751,0.02666666666666667,0.022420695970695972,0.024,0.029021886446886448,0.018500000000000003,0.03465283882783883
bge-small,modn,title_qdesc_file_w1000_modn,title,desc,file,w1000,0.030320989507058967,0.049005952380952386,0.035,0.01563095238095238,0.026666666666666665,0.02834249084249084,0.024000000000000004,0.034917103245591614,0.0175,0.03952387585894318
bge-small,modn,title_qcomments_file_w1000_modn,title,comments,file,w1000,0.028344238350934775,0.04041666666666667,0.025,0.013916666666666666,0.025,0.023357142857142854,0.023,0.03053296703296703,0.0185,0.03727142302142303
bge-small,modn,title_qtitle_module_w1000_modn,title,title,module,w1000,0.37673856120731114,0.4583611111111111,0.29,0.21735683760683763,0.205,0.42991822066822066,0.16099999999999998,0.5180250582750583,0.11850000000000001,0.6919667832167832
bge-small,modn,title_qdesc_module_w1000_modn,title,desc,module,w1000,0.4037132661320161,0.47168055555555555,0.32,0.2524679487179487,0.21833333333333332,0.4487376651126651,0.16599999999999998,0.5353583916083916,0.12300000000000001,0.7128097319347318
bge-small,modn,title_qcomments_module_w1000_modn,title,comments,module,w1000,0.40706087847337846,0.4685079365079365,0.3,0.23496794871794868,0.22833333333333333,0.4584556138306139,0.18100000000000002,0.5776462703962704,0.12700000000000003,0.730379662004662
bge-small,modn,desc_qtitle_file_w1000_modn,desc,title,file,w1000,0.030249438464761046,0.057609126984126985,0.045,0.015744871794871794,0.029999999999999995,0.023001341131986295,0.024,0.02847753160817677,0.019500000000000003,0.042063390194035356
bge-small,modn,desc_qdesc_file_w1000_modn,desc,desc,file,w1000,0.03071682398952682,0.05182539682539683,0.04,0.016880952380952382,0.026666666666666665,0.023955564784053154,0.022000000000000002,0.027552056012123335,0.0185,0.04195604488039791
bge-small,modn,desc_qcomments_file_w1000_modn,desc,comments,file,w1000,0.026606052367602367,0.05175595238095238,0.04,0.012023809523809523,0.025,0.019357142857142857,0.023,0.028387400421533954,0.019000000000000003,0.041346213851212045
bge-small,modn,desc_qtitle_module_w1000_modn,desc,title,module,w1000,0.32909993436347607,0.4031765873015873,0.22,0.15888461538461537,0.18,0.37765811965811963,0.158,0.503618006993007,0.11449999999999999,0.6766334498834499
bge-small,modn,desc_qdesc_module_w1000_modn,desc,desc,module,w1000,0.3700182862662029,0.4455496031746031,0.28,0.20555128205128206,0.21166666666666664,0.43088995726495727,0.165,0.5131596736596736,0.11700000000000003,0.6820501165501165
bge-small,modn,desc_qcomments_module_w1000_modn,desc,comments,module,w1000,0.38551622097038757,0.45602777777777775,0.28,0.21305128205128207,0.22,0.44151116938616936,0.17099999999999999,0.5386142191142191,0.12200000000000001,0.709004662004662
bge-small,modn,diff_qtitle_file_w1000_modn,diff,title,file,w1000,0.03601041692875026,0.06600595238095237,0.05,0.0161509324009324,0.039999999999999994,0.035431152181152184,0.033,0.04169875124875125,0.0245,0.053720174270174274
bge-small,modn,diff_qdesc_file_w1000_modn,diff,desc,file,w1000,0.04297626861725699,0.09594444444444444,0.08,0.027360285063773436,0.04833333333333333,0.04155320325669162,0.037000000000000005,0.045201887905376284,0.0275,0.054975988804477176
bge-small,modn,diff_qcomments_file_w1000_modn,diff,comments,file,w1000,0.04159265006023618,0.09940873015873017,0.085,0.02750314220663058,0.04333333333333333,0.03567301400150238,0.034,0.04141159924666657,0.03,0.054034163086335664
bge-small,modn,diff_qtitle_module_w1000_modn,diff,title,module,w1000,0.3650201344951345,0.4446984126984127,0.27,0.1956901709401709,0.205,0.40998717948717955,0.17099999999999999,0.5443818958818959,0.11850000000000001,0.6979357031857032
bge-small,modn,diff_qdesc_module_w1000_modn,diff,desc,module,w1000,0.42404507853257845,0.5087321428571429,0.34,0.24200961538461538,0.245,0.49522329059829057,0.188,0.5836500582750582,0.12650000000000003,0.7293940365190366
bge-small,modn,diff_qcomments_module_w1000_modn,diff,comments,module,w1000,0.4603939347689348,0.5437936507936508,0.395,0.290926282051282,0.25666666666666665,0.5110945027195027,0.19799999999999998,0.6111937645687645,0.1255,0.726189491064491
bge-small,modn,title_qtitle_file_all_modn,title,title,file,all,0.2563509631427485,0.49513888888888885,0.445,0.11168778019316869,0.3383333333333334,0.1924624870854195,0.29600000000000004,0.2595790377156402,0.22149999999999997,0.32858224021377713
bge-small,modn,title_qdesc_file_all_modn,title,desc,file,all,0.23995459855818335,0.44855555555555554,0.405,0.10219659915198764,0.31666666666666665,0.17977748056515772,0.274,0.23665446072085508,0.20800000000000002,0.3114048316761446
bge-small,modn,title_qcomments_file_all_modn,title,comments,file,all,0.25381794590478585,0.4889503968253968,0.44,0.1053483993037878,0.3483333333333333,0.19703425523106588,0.294,0.25031255979024447,0.22200000000000003,0.33036605008734504
bge-small,modn,title_qtitle_module_all_modn,title,title,module,all,0.29689579217079215,0.3763551587301587,0.245,0.16675,0.16,0.3278846153846154,0.127,0.41814471639471634,0.0895,0.5589058857808857
bge-small,modn,title_qdesc_module_all_modn,title,desc,module,all,0.3508931797369297,0.44933531746031746,0.31,0.21318055555555557,0.19666666666666666,0.40760683760683764,0.153,0.4951361693861694,0.10300000000000001,0.6252071678321678
bge-small,modn,title_qcomments_module_all_modn,title,comments,module,all,0.39805446636696634,0.5045198412698413,0.35,0.2358472222222222,0.225,0.44777350427350426,0.174,0.5637649572649572,0.11500000000000002,0.6998872377622376
bge-small,modn,desc_qtitle_file_all_modn,desc,title,file,all,0.21689871963371973,0.42912896825396823,0.38,0.08775469449579727,0.31666666666666665,0.1786233908466992,0.259,0.20596986055037447,0.196,0.28276454708853527
bge-small,modn,desc_qdesc_file_all_modn,desc,desc,file,all,0.2565317769286158,0.49725,0.44,0.10232849145108122,0.36,0.20772677713258997,0.311,0.2683618615844351,0.22950000000000004,0.3394768579654716
bge-small,modn,desc_qcomments_file_all_modn,desc,comments,file,all,0.25554135900780733,0.5115515873015872,0.45,0.09968715784388117,0.36,0.18873422192672545,0.32400000000000007,0.2595388262141114,0.24600000000000002,0.34858888983544944
bge-small,modn,desc_qtitle_module_all_modn,desc,title,module,all,0.2262885989010989,0.2981170634920635,0.16,0.09533333333333333,0.12999999999999998,0.2606346153846154,0.113,0.3640891608391608,0.085,0.525513209013209
bge-small,modn,desc_qdesc_module_all_modn,desc,desc,module,all,0.33161830993081,0.43261507936507937,0.3,0.19334722222222223,0.19333333333333333,0.3703846153846154,0.15,0.47239044289044285,0.10400000000000001,0.6255826534576534
bge-small,modn,desc_qcomments_module_all_modn,desc,comments,module,all,0.40171625885688383,0.5201448412698413,0.405,0.2687638888888889,0.22333333333333333,0.4282179487179487,0.16899999999999998,0.5313071095571096,0.1115,0.6773230380730381
bge-small,modn,diff_qtitle_file_all_modn,diff,title,file,all,0.2546949210733765,0.5076924603174603,0.46,0.11615302615410432,0.35166666666666674,0.20202459380282825,0.3,0.2542728672323934,0.22750000000000004,0.33941618022285425
bge-small,modn,diff_qdesc_file_all_modn,diff,desc,file,all,0.30737478832626125,0.5640892857142857,0.51,0.1390939200555245,0.3783333333333333,0.25303698869068214,0.316,0.30710506920743064,0.243,0.4033636146209233
bge-small,modn,diff_qcomments_file_all_modn,diff,comments,file,all,0.2946353568677339,0.5477321428571428,0.48,0.12212678911903875,0.39,0.23034576803041168,0.32800000000000007,0.2894137332440494,0.2575,0.3958329654846134
bge-small,modn,diff_qtitle_module_all_modn,diff,title,module,all,0.3866853257853258,0.476561507936508,0.315,0.22758916083916084,0.22666666666666666,0.45052602952602955,0.172,0.5478790792540792,0.113,0.6831167443667444
bge-small,modn,diff_qdesc_module_all_modn,diff,desc,module,all,0.42772175740925744,0.5224404761904762,0.37,0.25755176767676763,0.24666666666666665,0.501220473970474,0.18800000000000006,0.6064207459207459,0.12000000000000002,0.7143667443667444
bge-small,modn,diff_qcomments_module_all_modn,diff,comments,module,all,0.4491908587554421,0.5510833333333334,0.41,0.27793055555555557,0.26,0.5194401709401709,0.18600000000000003,0.596051282051282,0.1215,0.7367589355089355
